-- phpMyAdmin SQL Dump
-- version 4.6.5.2
-- https://www.phpmyadmin.net/
--
-- Host: 127.0.0.1
-- Generation Time: Apr 10, 2021 at 08:50 PM
-- Server version: 5.6.21
-- PHP Version: 5.6.3

SET SQL_MODE = "NO_AUTO_VALUE_ON_ZERO";
SET time_zone = "+00:00";


/*!40101 SET @OLD_CHARACTER_SET_CLIENT=@@CHARACTER_SET_CLIENT */;
/*!40101 SET @OLD_CHARACTER_SET_RESULTS=@@CHARACTER_SET_RESULTS */;
/*!40101 SET @OLD_COLLATION_CONNECTION=@@COLLATION_CONNECTION */;
/*!40101 SET NAMES utf8mb4 */;

--
-- Database: `attmgsystem`
--

-- --------------------------------------------------------

--
-- Table structure for table `admininfo`
--

CREATE TABLE `admininfo` (
  `username` varchar(20) NOT NULL,
  `password` varchar(20) NOT NULL,
  `email` varchar(30) NOT NULL,
  `fname` varchar(20) NOT NULL,
  `phone` varchar(10) NOT NULL,
  `type` varchar(20) NOT NULL
) ENGINE=InnoDB DEFAULT CHARSET=latin1;

--
-- Dumping data for table `admininfo`
--

INSERT INTO `admininfo` (`username`, `password`, `email`, `fname`, `phone`, `type`) VALUES
('admin', 'admin', 'admin@gmail.com', 'admin', '2147483647', 'admin'),
('christine', 'password', 'christine@gmail.com', 'Christine', '4512224500', 'student'),
('john', 'password', 'john@gmail.com', 'John Walker', '8541112450', 'student'),
('kevin', 'password', 'kevinm@gmail.com', 'Kevin Moore', '1247778540', 'teacher');

-- --------------------------------------------------------

--
-- Table structure for table `attendance`
--

CREATE TABLE `attendance` (
  `stat_id` varchar(20) NOT NULL,
  `course` varchar(20) NOT NULL,
  `st_status` varchar(10) NOT NULL,
  `stat_date` date NOT NULL
) ENGINE=InnoDB DEFAULT CHARSET=latin1;

--
-- Dumping data for table `attendance`
--

INSERT INTO `attendance` (`stat_id`, `course`, `st_status`, `stat_date`) VALUES
('1', 'algo', 'Present', '2018-11-14'),
('2', 'algo', 'Present', '2018-11-13'),
('1', 'algo', 'Absent', '2018-11-13'),
('1', 'algo', 'Absent', '2021-04-10'),
('2', 'algo', 'Present', '2021-04-10'),
('3', 'algo', 'Absent', '2021-04-10'),
('4', 'algo', 'Absent', '2021-04-10'),
('5', 'algo', 'Present', '2021-04-10'),
('5', 'obm', 'Present', '2021-04-10'),
('2', 'weblab', 'Absent', '2021-04-10'),
('4', 'weblab', 'Present', '2021-04-10');

-- --------------------------------------------------------

--
-- Table structure for table `reports`
--

CREATE TABLE `reports` (
  `st_id` varchar(30) NOT NULL,
  `course` varchar(30) NOT NULL,
  `st_status` varchar(30) NOT NULL,
  `st_name` varchar(30) NOT NULL,
  `st_dept` varchar(30) NOT NULL,
  `st_batch` int(11) NOT NULL
) ENGINE=InnoDB DEFAULT CHARSET=latin1;

-- --------------------------------------------------------

--
-- Table structure for table `students`
--

CREATE TABLE `students` (
  `st_id` varchar(20) NOT NULL,
  `st_name` varchar(20) NOT NULL,
  `st_dept` varchar(20) NOT NULL,
  `st_batch` int(4) NOT NULL,
  `st_sem` int(11) NOT NULL,
  `st_email` varchar(30) NOT NULL
) ENGINE=InnoDB DEFAULT CHARSET=latin1;

--
-- Dumping data for table `students`
--

INSERT INTO `students` (`st_id`, `st_name`, `st_dept`, `st_batch`, `st_sem`, `st_email`) VALUES
('1', 'John', 'MIT', 2020, 2, 'john@gmail.com'),
('2', 'Christine', 'BBA', 2021, 1, 'christine@gmail.com'),
('3', 'Rex', 'MScIT', 2020, 4, 'rexer@gmail.com'),
('4', 'Gabriel', 'BIT', 2021, 2, 'gabbae@gmail.com'),
('5', 'Will Williams', 'BIT', 2016, 6, 'williamsw@gmail.com');

-- --------------------------------------------------------

--
-- Table structure for table `teachers`
--

CREATE TABLE `teachers` (
  `tc_id` varchar(20) NOT NULL,
  `tc_name` varchar(20) NOT NULL,
  `tc_dept` varchar(20) NOT NULL,
  `tc_email` varchar(30) NOT NULL,
  `tc_course` varchar(20) NOT NULL
) ENGINE=InnoDB DEFAULT CHARSET=latin1;

--
-- Dumping data for table `teachers`
--

INSERT INTO `teachers` (`tc_id`, `tc_name`, `tc_dept`, `tc_email`, `tc_course`) VALUES
('1', 'Kevin Moore', 'MIT', 'kevin@gmail.com', 'SE'),
('2', 'John Smith', 'MIT', 'smithj@gmail.com', 'Networking');

--
-- Indexes for dumped tables
--

--
-- Indexes for table `admininfo`
--
ALTER TABLE `admininfo`
  ADD PRIMARY KEY (`username`);

--
-- Indexes for table `attendance`
--
ALTER TABLE `attendance`
  ADD KEY `stat_id` (`stat_id`);

--
-- Indexes for table `reports`
--
ALTER TABLE `reports`
  ADD PRIMARY KEY (`st_id`);

--
-- Indexes for table `students`
--
ALTER TABLE `students`
  ADD PRIMARY KEY (`st_id`);

--
-- Indexes for table `teachers`
--
ALTER TABLE `teachers`
  ADD PRIMARY KEY (`tc_id`);

--
-- Constraints for dumped tables
--

--
-- Constraints for table `attendance`
--
ALTER TABLE `attendance`
  ADD CONSTRAINT `attendance_ibfk_1` FOREIGN KEY (`stat_id`) REFERENCES `students` (`st_id`);

/*!40101 SET CHARACTER_SET_CLIENT=@OLD_CHARACTER_SET_CLIENT */;
/*!40101 SET CHARACTER_SET_RESULTS=@OLD_CHARACTER_SET_RESULTS */;
/*!40101 SET COLLATION_CONNECTION=@OLD_COLLATION_CONNECTION */;
